{"epoch":490,"_wandb":{"runtime":4},"_runtime":4,"accuracy":0.9386363636363636,"_timestamp":1.7727809789896991e+09,"_step":49,"loss":0.3556019067764282}