{"_wandb":{"runtime":39},"_runtime":39,"_timestamp":1.773404733254207e+09,"_step":50,"loss":203.51783752441406,"epoch":500}