{"_runtime":10096,"_wandb":{"runtime":10096},"_timestamp":1.772610905582672e+09,"_step":99,"loss":0.23065932095050812,"epoch":990}