{"loss":0.27657440304756165,"epoch":490,"_timestamp":1.7726108945053985e+09,"_wandb":{"runtime":0},"_runtime":0,"_step":49}