{"_runtime":0,"_timestamp":1.7726108834872603e+09,"_step":49,"loss":0.31823694705963135,"epoch":490,"_wandb":{"runtime":0}}