{"_step":9,"_runtime":280,"_wandb":{"runtime":280},"loss":0.08901087194681168,"epoch":90,"_timestamp":1.7726217088591163e+09}