{"_runtime":0,"acc":0.9799751653205242,"loss":0.09408464725458206,"_timestamp":1.7725448985281901e+09,"_step":7,"_wandb":{"runtime":0}}