{"_wandb":{"runtime":0},"_runtime":0,"epoch":990,"_timestamp":1.77269383600066e+09,"_step":99,"loss":0.20741155743598938}