{"accuracy":0.9431818181818182,"_timestamp":1.7727809876566417e+09,"_step":49,"loss":0.3036094307899475,"_wandb":{"runtime":2},"_runtime":2,"epoch":490}