{"accuracy":0.9386363636363636,"_timestamp":1.7727135803801455e+09,"_step":49,"_wandb":{"runtime":8},"_runtime":8,"loss":0.3078475296497345,"epoch":490}