{"_runtime":1,"loss":0.23772631585597992,"epoch":490,"_timestamp":1.7726938298930814e+09,"_step":49,"_wandb":{"runtime":1}}