{"_step":49,"loss":0.059144213795661926,"_wandb":{"runtime":1219},"_runtime":1219,"epoch":490,"accuracy":1,"_timestamp":1.7726230376773102e+09}