{"_timestamp":1.7726229046853263e+09,"_step":25,"loss":0.07908143848180771,"epoch":250,"_wandb":{"runtime":127},"_runtime":127,"accuracy":1}