{"loss":0.3114553987979889,"epoch":490,"_wandb":{"runtime":1451},"_runtime":1451,"_timestamp":1.7725452515002966e+09,"_step":49}