{"loss":0.22862599790096283,"epoch":490,"accuracy":0.9666666666666667,"_timestamp":1.7726257215842795e+09,"_step":49,"_wandb":{"runtime":155},"_runtime":155}