{"_wandb":{"runtime":1262},"_runtime":1262,"_step":49,"loss":0.4104194641113281,"epoch":490,"accuracy":0.9340909090909091,"_timestamp":1.772709139565917e+09}