{"_step":9,"loss":0.3067612051963806,"epoch":90,"_timestamp":1.7726108887865763e+09,"_wandb":{"runtime":1},"_runtime":1}