{"epoch":490,"accuracy":0.9295454545454546,"_timestamp":1.7727135927310803e+09,"_step":49,"loss":0.30436041951179504,"_wandb":{"runtime":492},"_runtime":492}