{"_wandb":{"runtime":1362},"_runtime":1362,"loss":0.06618998199701309,"epoch":490,"accuracy":1,"_timestamp":1.7726243525090928e+09,"_step":49}