{"loss":0.4293285310268402,"_wandb":{"runtime":0},"_runtime":0,"epoch":90,"accuracy":0.865909090909091,"_timestamp":1.7727135721959157e+09,"_step":9}