{"epoch":500,"_wandb":{"runtime":1},"_runtime":1,"_timestamp":1.7734050206926217e+09,"_step":50,"loss":216.58763122558594}