{"accuracy":0.9666666666666667,"_timestamp":1.7726938593980353e+09,"_wandb":{"runtime":0},"_runtime":0,"_step":49,"loss":0.05784884840250015,"epoch":490}