{"_wandb":{"runtime":119},"_runtime":119,"loss":1.5732349157333374,"epoch":90,"accuracy":0.6659090909090909,"_timestamp":1.772709010695182e+09,"_step":9}