{"_step":50,"_wandb":{"runtime":404},"_runtime":404,"loss":222.8156280517578,"epoch":500,"_timestamp":1.773403547286291e+09}