{"epoch":90,"accuracy":0.875,"_timestamp":1.7727005543033395e+09,"_wandb":{"runtime":8379},"_runtime":8379,"_step":9,"loss":0.43990710377693176}