{"loss":0.06296688587489453,"accuracy":0.9386363636363636,"epoch":500,"_timestamp":1.7728804750825617e+09,"_runtime":51,"_wandb":{"runtime":51},"_step":2804}