{"epoch":490,"accuracy":0.9431818181818182,"_wandb":{"runtime":334},"_runtime":334,"_timestamp":1.7727809983258665e+09,"_step":49,"loss":0.2518894672393799}