{"loss":0.3200629949569702,"epoch":490,"_timestamp":1.772693813074064e+09,"_wandb":{"runtime":0},"_runtime":0,"_step":49}