{"_timestamp":1.7725466343401504e+09,"_step":9,"loss":0.30138105154037476,"_wandb":{"runtime":57},"_runtime":57,"epoch":90}