{"_step":9,"loss":0.3051837086677551,"epoch":90,"_wandb":{"runtime":71},"_runtime":71,"_timestamp":1.7725465299842112e+09}