{"_timestamp":1.7726219946569068e+09,"_step":9,"_wandb":{"runtime":905},"_runtime":905,"loss":0.06721393764019012,"epoch":90,"accuracy":1}