{"_step":50,"_wandb":{"runtime":1},"_runtime":1,"loss":214.48553466796875,"epoch":500,"_timestamp":1.7734050278306842e+09}