{"_runtime":0,"_wandb":{"runtime":0},"_step":49,"loss":0.2616998553276062,"epoch":490,"_timestamp":1.7726938240965798e+09}