{"_runtime":47,"loss":0.033276474352037025,"accuracy":0.9522727272727273,"epoch":500,"_timestamp":1.773040601081949e+09,"_step":2804,"_wandb":{"runtime":47}}