{"_runtime":0,"_wandb":{"runtime":0},"epoch":90,"accuracy":0.8386363636363636,"_timestamp":1.7727809697300098e+09,"_step":9,"loss":0.6083643436431885}