{"_runtime":1,"_step":49,"loss":0.06573570519685745,"epoch":490,"accuracy":1,"_timestamp":1.7726938532743678e+09,"_wandb":{"runtime":1}}