{"_step":49,"loss":0.27561065554618835,"epoch":490,"_wandb":{"runtime":558},"_runtime":558,"_timestamp":1.7725466965150907e+09}