{"loss":0.26251116394996643,"epoch":490,"_timestamp":1.7726108996168647e+09,"_wandb":{"runtime":1},"_runtime":1,"_step":49}