{"epoch":500,"_timestamp":1.7734047260092974e+09,"_wandb":{"runtime":1},"_runtime":1,"_step":50,"loss":230.02667236328125}