{"_step":9,"loss":0.24959443509578705,"epoch":90,"_wandb":{"runtime":680},"_runtime":680,"_timestamp":1.7726210091834438e+09}