{"epoch":90,"_wandb":{"runtime":0},"_runtime":0,"_timestamp":1.7726938185456645e+09,"_step":9,"loss":0.30538448691368103}