{"_timestamp":1.7727111541442327e+09,"_step":49,"loss":0.2990646958351135,"epoch":490,"_wandb":{"runtime":2404},"_runtime":2404,"accuracy":0.11363636363636363}