{"epoch":250,"accuracy":0.9666666666666667,"_timestamp":1.7726938483330083e+09,"_step":25,"loss":0.09916026890277863,"_wandb":{"runtime":0},"_runtime":0}