{"accuracy":0.9333333333333333,"_timestamp":1.7726938421879613e+09,"_step":9,"loss":0.17356547713279724,"epoch":90,"_wandb":{"runtime":1},"_runtime":1}